<?xml version="1.0" encoding="UTF-8"?>
<GenRun Id="impl_1" LaunchPart="xc7a35tcpg236-1" LaunchTime="1498858305">
  <File Type="WBT-USG" Name="usage_statistics_webtalk.html"/>
  <File Type="BG-DRC" Name="base.drc"/>
  <File Type="BG-BGN" Name="base.bgn"/>
  <File Type="BITSTR-SYSDEF" Name="base.sysdef"/>
  <File Type="BITSTR-MMI" Name="base.mmi"/>
  <File Type="BITSTR-BMM" Name="base_bd.bmm"/>
  <File Type="BITSTR-NKY" Name="base.nky"/>
  <File Type="BITSTR-RBT" Name="base.rbt"/>
  <File Type="BITSTR-MSK" Name="base.msk"/>
  <File Type="BG-BIN" Name="base.bin"/>
  <File Type="BG-BIT" Name="base.bit"/>
  <File Type="POSTROUTE-PHYSOPT-TIMING-RPX" Name="base_timing_summary_postroute_physopted.rpx"/>
  <File Type="POSTROUTE-PHYSOPT-TIMING-PB" Name="base_timing_summary_postroute_physopted.pb"/>
  <File Type="POSTROUTE-PHYSOPT-TIMING" Name="base_timing_summary_postroute_physopted.rpt"/>
  <File Type="POSTROUTE-PHYSOPT-BLACKBOX-DCP" Name="base_postroute_physopt_bb.dcp"/>
  <File Type="POSTROUTE-PHYSOPT-DCP" Name="base_postroute_physopt.dcp"/>
  <File Type="ROUTE-CLK" Name="base_clock_utilization_routed.rpt"/>
  <File Type="ROUTE-SIMILARITY" Name="base_incremental_reuse_routed.rpt"/>
  <File Type="ROUTE-TIMING-RPX" Name="base_timing_summary_routed.rpx"/>
  <File Type="ROUTE-TIMING-PB" Name="base_timing_summary_routed.pb"/>
  <File Type="ROUTE-TIMINGSUMMARY" Name="base_timing_summary_routed.rpt"/>
  <File Type="ROUTE-STATUS-PB" Name="base_route_status.pb"/>
  <File Type="ROUTE-STATUS" Name="base_route_status.rpt"/>
  <File Type="PLACE-CTRL" Name="base_control_sets_placed.rpt"/>
  <File Type="PLACE-IO" Name="base_io_placed.rpt"/>
  <File Type="PWROPT-TIMING" Name="base_timing_summary_pwropted.rpt"/>
  <File Type="PLACE-DCP" Name="base_placed.dcp"/>
  <File Type="PLACE-UTIL-PB" Name="base_utilization_placed.pb"/>
  <File Type="PHYSOPT-TIMING" Name="base_timing_summary_physopted.rpt"/>
  <File Type="PWROPT-DRC" Name="base_drc_pwropted.rpt"/>
  <File Type="PWROPT-DCP" Name="base_pwropt.dcp"/>
  <File Type="PLACE-UTIL" Name="base_utilization_placed.rpt"/>
  <File Type="POSTPLACE-PWROPT-TIMING" Name="base_timing_summary_postplace_pwropted.rpt"/>
  <File Type="OPT-TIMING" Name="base_timing_summary_opted.rpt"/>
  <File Type="OPT-HWDEF" Name="base.hwdef"/>
  <File Type="PLACE-CLK" Name="base_clock_utilization_placed.rpt"/>
  <File Type="RDI-RDI" Name="base.vdi"/>
  <File Type="PLACE-TIMING" Name="base_timing_summary_placed.rpt"/>
  <File Type="INIT-TIMING" Name="base_timing_summary_init.rpt"/>
  <File Type="OPT-DRC" Name="base_drc_opted.rpt"/>
  <File Type="OPT-DCP" Name="base_opt.dcp"/>
  <File Type="OPT-METHODOLOGY-DRC" Name="base_methodology_drc_opted.rpt"/>
  <File Type="PLACE-PRE-SIMILARITY" Name="base_incremental_reuse_pre_placed.rpt"/>
  <File Type="PLACE-SIMILARITY" Name="base_incremental_reuse_placed.rpt"/>
  <File Type="PA-TCL" Name="base.tcl"/>
  <File Type="POSTPLACE-PWROPT-DCP" Name="base_postplace_pwropt.dcp"/>
  <File Type="PHYSOPT-DCP" Name="base_physopt.dcp"/>
  <File Type="PHYSOPT-DRC" Name="base_drc_physopted.rpt"/>
  <File Type="ROUTE-ERROR-DCP" Name="base_routed_error.dcp"/>
  <File Type="ROUTE-DCP" Name="base_routed.dcp"/>
  <File Type="ROUTE-BLACKBOX-DCP" Name="base_routed_bb.dcp"/>
  <File Type="ROUTE-DRC" Name="base_drc_routed.rpt"/>
  <File Type="ROUTE-METHODOLOGY-DRC" Name="base_methodology_drc_routed.rpt"/>
  <File Type="ROUTE-DRC-PB" Name="base_drc_routed.pb"/>
  <File Type="ROUTE-METHODOLOGY-DRC-PB" Name="base_methodology_drc_routed.pb"/>
  <File Type="ROUTE-DRC-RPX" Name="base_drc_routed.rpx"/>
  <File Type="ROUTE-PWR" Name="base_power_routed.rpt"/>
  <File Type="ROUTE-METHODOLOGY-DRC-RPX" Name="base_methodology_drc_routed.rpx"/>
  <File Type="ROUTE-PWR-SUM" Name="base_power_summary_routed.pb"/>
  <File Type="ROUTE-PWR-RPX" Name="base_power_routed.rpx"/>
  <FileSet Name="sources" Type="DesignSrcs" RelSrcDir="$PSRCDIR/sources_1">
    <Filter Type="Srcs"/>
    <File Path="$PSRCDIR/sources_1/imports/ped/mux.vhd">
      <FileInfo>
        <Attr Name="ImportPath" Val="$PPRDIR/../project_1/ped/mux.vhd"/>
        <Attr Name="ImportTime" Val="1498745847"/>
        <Attr Name="UsedIn" Val="synthesis"/>
        <Attr Name="UsedIn" Val="simulation"/>
      </FileInfo>
    </File>
    <File Path="$PSRCDIR/sources_1/imports/ped/clk_div.vhd">
      <FileInfo>
        <Attr Name="ImportPath" Val="$PPRDIR/../project_1/ped/clk_div.vhd"/>
        <Attr Name="ImportTime" Val="1498745847"/>
        <Attr Name="UsedIn" Val="synthesis"/>
        <Attr Name="UsedIn" Val="simulation"/>
      </FileInfo>
    </File>
    <File Path="$PSRCDIR/sources_1/imports/ped/decoder.vhd">
      <FileInfo>
        <Attr Name="ImportPath" Val="$PPRDIR/../project_1/ped/decoder.vhd"/>
        <Attr Name="ImportTime" Val="1498797656"/>
        <Attr Name="UsedIn" Val="synthesis"/>
        <Attr Name="UsedIn" Val="simulation"/>
      </FileInfo>
    </File>
    <File Path="$PSRCDIR/sources_1/imports/ped/funcoes.vhd">
      <FileInfo>
        <Attr Name="ImportPath" Val="$PPRDIR/../project_1/ped/funcoes.vhd"/>
        <Attr Name="ImportTime" Val="1498797721"/>
        <Attr Name="UsedIn" Val="synthesis"/>
        <Attr Name="UsedIn" Val="simulation"/>
      </FileInfo>
    </File>
    <File Path="$PSRCDIR/sources_1/imports/ped/modo2.vhd">
      <FileInfo>
        <Attr Name="ImportPath" Val="$PPRDIR/../project_1/ped/modo2.vhd"/>
        <Attr Name="ImportTime" Val="1498801876"/>
        <Attr Name="UsedIn" Val="synthesis"/>
        <Attr Name="UsedIn" Val="simulation"/>
      </FileInfo>
    </File>
    <File Path="$PSRCDIR/sources_1/imports/ped/bcd.vhd">
      <FileInfo>
        <Attr Name="ImportPath" Val="$PPRDIR/../project_1/ped/bcd.vhd"/>
        <Attr Name="ImportTime" Val="1498856242"/>
        <Attr Name="UsedIn" Val="synthesis"/>
        <Attr Name="UsedIn" Val="simulation"/>
      </FileInfo>
    </File>
    <File Path="$PSRCDIR/sources_1/imports/ped/modo1.vhd">
      <FileInfo>
        <Attr Name="ImportPath" Val="$PPRDIR/../project_1/ped/modo1.vhd"/>
        <Attr Name="ImportTime" Val="1498792328"/>
        <Attr Name="UsedIn" Val="synthesis"/>
        <Attr Name="UsedIn" Val="simulation"/>
      </FileInfo>
    </File>
    <File Path="$PSRCDIR/sources_1/imports/ped/Multiplexador_displays.vhd">
      <FileInfo>
        <Attr Name="ImportPath" Val="$PPRDIR/../project_1/ped/Multiplexador_displays.vhd"/>
        <Attr Name="ImportTime" Val="1498745847"/>
        <Attr Name="UsedIn" Val="synthesis"/>
        <Attr Name="UsedIn" Val="simulation"/>
      </FileInfo>
    </File>
    <File Path="$PSRCDIR/sources_1/imports/ped/clk_div_1hz.vhd">
      <FileInfo>
        <Attr Name="ImportPath" Val="$PPRDIR/../project_1/ped/clk_div_1hz.vhd"/>
        <Attr Name="ImportTime" Val="1498856160"/>
        <Attr Name="UsedIn" Val="synthesis"/>
        <Attr Name="UsedIn" Val="simulation"/>
      </FileInfo>
    </File>
    <File Path="$PSRCDIR/sources_1/imports/ped/componentes.vhd">
      <FileInfo>
        <Attr Name="ImportPath" Val="$PPRDIR/../project_1/ped/componentes.vhd"/>
        <Attr Name="ImportTime" Val="1498796633"/>
        <Attr Name="UsedIn" Val="synthesis"/>
        <Attr Name="UsedIn" Val="simulation"/>
      </FileInfo>
    </File>
    <File Path="$PSRCDIR/sources_1/imports/ped/base.vhd">
      <FileInfo>
        <Attr Name="ImportPath" Val="$PPRDIR/../project_1/ped/base.vhd"/>
        <Attr Name="ImportTime" Val="1498856028"/>
        <Attr Name="UsedIn" Val="synthesis"/>
        <Attr Name="UsedIn" Val="simulation"/>
      </FileInfo>
    </File>
    <Config>
      <Option Name="DesignMode" Val="RTL"/>
      <Option Name="TopModule" Val="base"/>
      <Option Name="TopAutoSet" Val="TRUE"/>
    </Config>
  </FileSet>
  <FileSet Name="constrs_in" Type="Constrs" RelSrcDir="$PSRCDIR/constrs_1">
    <Filter Type="Constrs"/>
    <File Path="$PSRCDIR/constrs_1/imports/ped/Basys3_Master.xdc">
      <FileInfo>
        <Attr Name="ImportPath" Val="$PPRDIR/../project_1/ped/Basys3_Master.xdc"/>
        <Attr Name="ImportTime" Val="1498856083"/>
        <Attr Name="UsedIn" Val="synthesis"/>
        <Attr Name="UsedIn" Val="implementation"/>
      </FileInfo>
    </File>
    <Config>
      <Option Name="ConstrsType" Val="XDC"/>
    </Config>
  </FileSet>
  <Strategy Version="1" Minor="2">
    <StratHandle Name="Vivado Implementation Defaults" Flow="Vivado Implementation 2016">
      <Desc>Default settings for Implementation.</Desc>
    </StratHandle>
    <Step Id="init_design"/>
    <Step Id="opt_design"/>
    <Step Id="power_opt_design"/>
    <Step Id="place_design"/>
    <Step Id="post_place_power_opt_design"/>
    <Step Id="phys_opt_design"/>
    <Step Id="route_design"/>
    <Step Id="post_route_phys_opt_design"/>
    <Step Id="write_bitstream"/>
  </Strategy>
</GenRun>
